{
    "position": {
        "x": 345.1416521086819,
        "y": 2.113383097536633e-14
    },
    "direction": 90.0
}