{
    "position": {
        "x": 133.3983072567298,
        "y": 8.168290499681466e-15
    },
    "direction": 90.0
}